sku,mpn,category,group,properties,mpn,rrp,inkoop
ALF147TV,8714767627678,Boot mat,velour,,CK-SAR05V,64.95,32.21
ALF159TV,8714767627654,Boot mat,velour,,CK-SAR03V,64.95,32.21
ALF259TV,8714767627661,Boot mat,velour,,CK-SAR04V,64.95,32.21
ALF1GITV,8714767627685,Boot mat,velour,,CK-SAR06V,64.95,32.21
ALF1GATV,8714767627647,Boot mat,velour,,CK-SAR02V,64.95,32.21
ALF1MITV,8714767627630,Boot mat,velour,,CK-SAR01V,64.95,32.21
ALF1STTV,8714767627692,Boot mat,velour,,CK-SAR07V,64.95,32.21
ALF1TOTV,8719457476260,Boot mat,velour,High boot floor,CK-SAR08V,64.95,32.21
ALF2TOTV,8719457476277,Boot mat,velour,Low boot floor,CK-SAR09V,64.95,32.21
AUDI,,,,,,,
,,Boot mats velour,,,,,
AUD1A1TV,8714767627746,Boot mat,velour,,CK-SAU06V,64.95,32.21
AUD2A1TV,8714767627982,Boot mat,velour,,CK-SAU32V,64.95,32.21
AUD1A3TV,8714767628019,Boot mat,velour,,CK-SAU35V,64.95,32.21
AUD2A3TV,8714767627708,Boot mat,velour,,CK-SAU01V,64.95,32.21
AUD3A3TV,8714767627845,Boot mat,velour,,CK-SAU18V,64.95,32.21
AUD4A3TV,8714767627883,Boot mat,velour,,CK-SAU22V,64.95,32.21
AUD5A3TV,8714767627890,Boot mat,velour,,CK-SAU23V,64.95,32.21
AUD6A3TV,8714767627753,Boot mat,velour,,CK-SAU07V,64.95,32.21
AUD1A4TV,8714767627869,Boot mat,velour,,CK-SAU20V,64.95,32.21
AUD2A4TV,8714767627852,Boot mat,velour,,CK-SAU19V,64.95,32.21
AUD3A4TV,8714767627760,Boot mat,velour,,CK-SAU08V,64.95,32.21
AUD4A4TV,8714767627876,Boot mat,velour,,CK-SAU21V,64.95,32.21
AUD5A4TV,8714767627791,Boot mat,velour,,CK-SAU13V,64.95,32.21
AUD6A4TV,8714767627951,Boot mat,velour,,CK-SAU29V,64.95,32.21
AUD7A4TV,8714767627913,Boot mat,velour,,CK-SAU25V,64.95,32.21
AUD8A4TV,8714767627906,Boot mat,velour,,CK-SAU24V,64.95,32.21
AUD9A4TV,8714767631798,Boot mat,velour,,CK-SSE04V,64.95,32.21
AUD1A5TV,8714767627791,Boot mat,velour,,CK-SAU13V,64.95,32.21
AUD2A5TV,8714767627715,Boot mat,velour,,CK-SAU03V,64.95,32.21
AUD1A6TV,8714767627784,Boot mat,velour,,CK-SAU10V,64.95,32.21
AUD2A6TV,8714767627777,Boot mat,velour,,CK-SAU09V,64.95,32.21
AUD3A6TV,8714767627722,Boot mat,velour,,CK-SAU04V,64.95,32.21
AUD4A6TV,8714767627937,Boot mat,velour,,CK-SAU27V,64.95,32.21
AUD5A6TV,8714767627739,Boot mat,velour,,CK-SAU05V,64.95,32.21
AUD6A6TV,8714767627920,Boot mat,velour,,CK-SAU26V,64.95,32.21
AUD1ETTV,8714767628002,Boot mat,velour,,CK-SAU34V,64.95,32.21
AUD2ETTV,8714767628002,Boot mat,velour,,CK-SAU34V,64.95,32.21
AUD1Q2TV,8714767627975,Boot mat,velour,,CK-SAU31V,64.95,32.21
AUD1Q3TV,8714767627999,Boot mat,velour,,CK-SAU33V,64.95,32.21
AUD2Q3TV,8714767627807,Boot mat,velour,Only for models with full spare tire,CK-SAU14V,64.95,32.21
AUD3Q3TV,8714767627814,Boot mat,velour,Not for models with full spare tire,CK-SAU15V,64.95,32.21
AUD1Q5TV,8714767627821,Boot mat,velour,,CK-SAU16V,64.95,32.21
AUD2Q5TV,8714767627968,Boot mat,velour,,CK-SAU30V,64.95,32.21
AUD1Q7TV,8714767627838,Boot mat,velour,,CK-SAU17V,64.95,32.21
AUD2Q7TV,8714767627944,Boot mat,velour,,CK-SAU28V,64.95,32.21
BAIC,,,,,,,
,,Boot mats velour,,,,,
BEI1B3TV,8719457653944,Boot mat,velour,,CK-SBA01V,64.95,32.21
BEI1B5TV,8719457653937,Boot mat,velour,,CK-SBA02V,64.95,32.21
BEI1B7TV,8719457654187,Boot mat,velour,,CK-SBA03V,64.95,32.21
BMW,,,,,,,
,,Boot mats velour,,,,,
BMW11STV,8714767628033,Boot mat,velour,,CK-SBM02V,64.95,32.21
BMW21STV,8714767628118,Boot mat,velour,,CK-SBM10V,64.95,32.21
BMW31STV,8714767628286,Boot mat,velour,,CK-SBM28V,64.95,32.21
BMW12ATV,8714767628163,Boot mat,velour,,CK-SBM16V,64.95,32.21
BMW22ATV,8719457449127,Boot mat,velour,,CK-SBM32V,64.95,32.21
BMW12GTV,8719457449134,Boot mat,velour,,CK-SBM33V,64.95,32.21
BMW13STV,8714767628026,Boot mat,velour,,CK-SBM01V,64.95,32.21
BMW23STV,8714767628071,Boot mat,velour,,CK-SBM06V,64.95,32.21
BMW33STV,8714767628088,Boot mat,velour,,CK-SBM07V,64.95,32.21
BMW43STV,8714767628187,Boot mat,velour,,CK-SBM18V,64.95,32.21
BMW14STV,8714767628187,Boot mat,velour,,CK-SBM18V,64.95,32.21
BMW53STV,8714767628170,Boot mat,velour,,CK-SBM17V,64.95,32.21
BMW15STV,8714767628125,Boot mat,velour,,CK-SBM11V,64.95,32.21
BMW25STV,8714767628132,Boot mat,velour,,CK-SBM12V,64.95,32.21
BMW35STV,8714767628149,Boot mat,velour,,CK-SBM14V,64.95,32.21
BMW45STV,8714767628156,Boot mat,velour,,CK-SBM15V,64.95,32.21
BMW55STV,8714767628279,Boot mat,velour,,CK-SBM27V,64.95,32.21
BMW65STV,8719457863466,Boot mat,velour,Not for i5 Touring (G61),CK-SBM36V,64.95,32.21
BMW1I3TV,8714767628231,Boot mat,velour,,CK-SBM23V,64.95,32.21
BMW1IXTV,8719457022832,Boot mat,velour,,CK-SBM31V,64.95,32.21
BMW3X1TV,8719457905098,Boot mat,velour,,CK-SBM34V,64.95,32.21
BMW1X1TV,8714767628040,Boot mat,velour,,CK-SBM03V,64.95,32.21
BMW2X1TV,8714767628217,Boot mat,velour,,CK-SBM21V,64.95,32.21
BMW1X2TV,8714767628248,Boot mat,velour,,CK-SBM24V,64.95,32.21
BMW2X2TV,8719457863459,Boot mat,velour,,CK-SBM35V,64.95,32.21
BMW1X3TV,8714767628224,Boot mat,velour,,CK-SBM22V,64.95,32.21
BMW2X3TV,8714767628194,Boot mat,velour,,CK-SBM19V,64.95,32.21
BMW3X3TV,8721464013192,Boot mat,velour,,CK-SBM37V,64.95,32.21
BMW1X4TV,8714767628200,Boot mat,velour,,CK-SBM20V,64.95,32.21
BMW2X4TV,8714767628255,Boot mat,velour,,CK-SBM25V,64.95,32.21
BMW1X5TV,8714767628057,Boot mat,velour,,CK-SBM04V,64.95,32.21
BMW1X6TV,8714767628064,Boot mat,velour,,CK-SBM05V,64.95,32.21
BYD,,,,,,,
,,Boot mats velour,,,,,
BYD1A2TV,8721464013208,Boot mat,velour,High boot floor,CK-SBY07V,64.95,32.21
BYD1A3TV,8719457905104,Boot mat,velour,,CK-SBY01V,64.95,32.21
BYD1DOTV,8721464013215,Boot mat,velour,,CK-SBY08V,64.95,32.21
BYD1HATV,8719457653982,Boot mat,velour,,CK-SBY03V,64.95,32.21
BYD1SETV,8719457653975,Boot mat,velour,Only for DM-i Hybrid,CK-SBY05V,64.95,32.21
BYD1SUTV,8719457654002,Boot mat,velour,,CK-SBY04V,64.95,32.21
BYD1S7TV,8719457653999,Boot mat,velour,,CK-SBY06V,64.95,32.21
BYD1TATV,8719457653968,Boot mat,velour,,CK-SBY02V,64.95,32.21
CHERY,,,,,,,
CHE1J5TV,8721464013246,Boot mat,velour,High boot floor,CK-SJC03V,64.95,32.21
CHE2J5TV,8721464013253,Boot mat,velour,Low boot floor,CK-SJC04V,64.95,32.21
CHE1J7TV,8719457654033,Boot mat,velour,Only for two-wheel drive (2WD),CK-SJC01V,64.95,32.21
CHE2J7TV,8719457654057,Boot mat,velour,Only for four-wheel drive (4WD),CK-SJC02V,64.95,32.21
CHE1OMTV,8719457863480,Boot mat,velour,,CK-SOM01V,64.95,32.21
CHE1O5TV,8719457653951,Boot mat,velour,Not for Electric; Incl. Facelift; Only for models with tire repair kit,CK-SOM02V,64.95,32.21
CHE1O9TV,8719457654194,Boot mat,velour,,CK-SOM03V,64.95,32.21
CHE1T4TV,8721464013222,Boot mat,velour,,CK-SCH17V,64.95,32.21
CHEVROLET - DAEWOO,,,,,,,
,,Boot mats velour,,,,,
CHE1AVTV,8714767628316,Boot mat,velour,,CK-SCH02V,64.95,32.21
CHE5AVTV,8714767628309,Boot mat,velour,,CK-SCH01V,64.95,32.21
CHE2AVTV,8714767628354,Boot mat,velour,High boot floor,CK-SCH08V,64.95,32.21
CHE3AVTV,8714767628361,Boot mat,velour,Low boot floor,CK-SCH09V,64.95,32.21
CHE4AVTV,8714767628422,Boot mat,velour,,CK-SCH16V,64.95,32.21
CHE1CATV,8714767628323,Boot mat,velour,,CK-SCH03V,64.95,32.21
CHE1CRTV,8714767628378,Boot mat,velour,,CK-SCH11V,64.95,32.21
CHE2CRTV,8714767628330,Boot mat,velour,,CK-SCH04V,64.95,32.21
CHE3CRTV,8714767628385,Boot mat,velour,,CK-SCH12V,64.95,32.21
CHE1KATV,8714767628651,Boot mat,velour,,CK-SDW01V,64.95,32.21
CHE2KATV,8714767628668,Boot mat,velour,,CK-SDW02V,64.95,32.21
CHE1LCTV,8714767628415,Boot mat,velour,,CK-SCH15V,64.95,32.21
CHE2LCTV,8714767628675,Boot mat,velour,,CK-SDW03V,64.95,32.21
CHE3LCTV,8714767628682,Boot mat,velour,,CK-SDW04V,64.95,32.21
CHE1NUTV,8714767628699,Boot mat,velour,,CK-SDW05V,64.95,32.21
CHE2NUTV,8714767628705,Boot mat,velour,,CK-SDW06V,64.95,32.21
CHE1ORTV,8714767628347,Boot mat,velour,,CK-SCH07V,64.95,32.21
CHE1SPTV,8714767628392,Boot mat,velour,,CK-SCH13V,64.95,32.21
CHE1TRTV,8714767628408,Boot mat,velour,,CK-SCH14V,64.95,32.21
CITROËN,,,,,,,
,,Boot mats velour,,,,,
CIT4BETV,8714767628439,Boot mat,velour,,CK-SCI01V,64.95,32.21
CIT3BETV,8714767628446,Boot mat,velour,,CK-SCI02V,64.95,32.21
CIT1BETV,8714767628583,Boot mat,velour,Short wheelbase,CK-SCI18V,64.95,32.21
CIT2BETV,8714767628606,Boot mat,velour,Long wheelbase,CK-SCI20V,64.95,32.21
CIT1C1TV,8714767628545,Boot mat,velour,,CK-SCI14V,64.95,32.21
CIT3C3TV,8714767628576,Boot mat,velour,,CK-SCI17V,64.95,32.21
CIT6C3TV,8719457654132,Boot mat,velour,Incl. C3 Aircross Electric (EV),CK-SOP42V,64.95,32.21
CIT1C3TV,8714767628491,Boot mat,velour,,CK-SCI07V,64.95,32.21
CIT2C3TV,8714767628569,Boot mat,velour,,CK-SCI16V,64.95,32.21
CIT5C3TV,8719457654019,Boot mat,velour,,CK-SCI24V,64.95,32.21
CIT4C3TV,8714767628453,Boot mat,velour,,CK-SCI03V,64.95,32.21
CIT8C4TV,8714767630500,Boot mat,velour,,CK-SMT04V,64.95,32.21
CIT2C4TV,8714767628590,Boot mat,velour,,CK-SCI19V,64.95,32.21
CIT1C4TV,8714767628507,Boot mat,velour,,CK-SCI08V,64.95,32.21
CIT4C4TV,8714767628637,Boot mat,velour,Incl. ë-C4,CK-SCI23V,64.95,32.21
CIT5C4TV,8714767628514,Boot mat,velour,,CK-SCI09V,64.95,32.21
CIT6C4TV,8714767628460,Boot mat,velour,5-seater; Only for models with trolley cutout,CK-SCI04V,64.95,32.21
CIT7C4TV,8714767628538,Boot mat,velour,,CK-SCI12V,64.95,32.21
CIT4C5TV,8714767628477,Boot mat,velour,,CK-SCI05V,64.95,32.21
CIT1C5TV,8714767628613,Boot mat,velour,Low boot floor,CK-SCI21V,64.95,32.21
CIT3C5TV,8714767628521,Boot mat,velour,Only for short version,CK-SCI10V,64.95,32.21
CIT2C5TV,8714767628484,Boot mat,velour,Only for long version,CK-SCI06V,64.95,32.21
CIT3C4TV,8714767628552,Boot mat,velour,,CK-SCI15V,64.95,32.21
DACIA,,,,,,,
,,Boot mats velour,,,,,
DAC1BITV,8721464013345,Boot mat,velour,,CK-SRE47V,64.95,32.21
DAC1DOTV,8714767631552,Boot mat,velour,,CK-SRE18V,64.95,32.21
DAC1DUTV,8714767631514,Boot mat,velour,Only for two-wheel drive (2WD),CK-SRE14V,64.95,32.21
DAC2DUTV,8714767631507,Boot mat,velour,Only for four-wheel drive (4WD),CK-SRE13V,64.95,32.21
DAC3DUTV,8714767631675,Boot mat,velour,Only for two-wheel drive (2WD),CK-SRE30V,64.95,32.21
DAC4DUTV,8714767631682,Boot mat,velour,Only for four-wheel drive (4WD),CK-SRE31V,64.95,32.21
DAC5DUTV,8719457863497,Boot mat,velour,,CK-SRE43V,64.95,32.21
DAC1JOTV,8714767641667,Boot mat,velour,,CK-SRE42V,64.95,32.21
DAC1LYTV,8714767631538,Boot mat,velour,,CK-SRE16V,64.95,32.21
DAC1LOTV,8714767631422,Boot mat,velour,,CK-SRE05V,64.95,32.21
DAC2LOTV,8714767631545,Boot mat,velour,,CK-SRE17V,64.95,32.21
DAC1SATV,8714767631484,Boot mat,velour,,CK-SRE11V,64.95,32.21
DAC2SATV,8714767631484,Boot mat,velour,,CK-SRE11V,64.95,32.21
DAC3SATV,8714767631736,Boot mat,velour,,CK-SRE36V,64.95,32.21
DAC4SATV,8719457449202,Boot mat,velour,High boot floor; Incl. Stepway,CK-SRE39V,64.95,32.21
DAC1SPTV,8719457025642,Boot mat,velour,,CK-SRE38V,64.95,32.21
DAIHATSU,,,,,,,
,,Boot mats velour,,,,,
DAI1TETV,8714767628644,Boot mat,velour,,CK-SDA01V,64.95,32.21
DS,,,,,,,
,,Boot mats velour,,,,,
CIT1D3TV,8714767628620,Boot mat,velour,Incl. E-Tense,CK-SCI22V,64.95,32.21
FIAT,,,,,,,
,,Boot mats velour,,,,,
FIA150TV,8714767628781,Boot mat,velour,Incl. 500e,CK-SFI08V,64.95,32.21
FIA250TV,8714767628835,Boot mat,velour,Excl. 500L Living ,CK-SFI13V,64.95,32.21
FIA350TV,8714767628842,Boot mat,velour,,CK-SFI14V,64.95,32.21
FIA160TV,8719457905111,Boot mat,velour,High boot floor; Incl. La Prima,CK-SFI20V,64.95,32.21
FIA260TV,8719457654170,Boot mat,velour,Only for RED Electric (EV),CK-SFI21V,64.95,32.21
FIA1BRTV,8714767628750,Boot mat,velour,,CK-SFI05V,64.95,32.21
FIA1CRTV,8714767628729,Boot mat,velour,,CK-SFI02V,64.95,32.21
FIA1DOTV,8714767631095,Boot mat,velour,Not for Doblò Maxi or Multispace,CK-SOP37V,64.95,32.21
FIA2DOTV,8714767631071,Boot mat,velour,Only for Doblò Maxi,CK-SOP35V,64.95,32.21
FIA3DOTV,8714767628767,Boot mat,velour,Only for Doblò Multispace,CK-SFI06V,64.95,32.21
FIA1FRTV,8714767628804,Boot mat,velour,,CK-SFI10V,64.95,32.21
FIA1GPTV,8719457654163,Boot mat,velour,Incl. Grande Panda Electric (EV),CK-SFI22V,64.95,32.21
FIA1PUTV,8714767628736,Boot mat,velour,,CK-SFI03V,64.95,32.21
FIA1PATV,8714767628774,Boot mat,velour,,CK-SFI07V,64.95,32.21
FIA2PATV,8714767628798,Boot mat,velour,,CK-SFI09V,64.95,32.21
FIA2PUTV,8714767628811,Boot mat,velour,,CK-SFI11V,64.95,32.21
FIA3PUTV,8714767628743,Boot mat,velour,,CK-SFI04V,64.95,32.21
FIA1QUTV,8714767628859,Boot mat,velour,Only for 5-seater,CK-SFI15V,64.95,32.21
FIA1SETV,8714767628828,Boot mat,velour,,CK-SFI12V,64.95,32.21
FIA1STTV,8714767628712,Boot mat,velour,,CK-SFI01V,64.95,32.21
FIA1TITV,8714767628873,Boot mat,velour,Only for LPG version,CK-SFI17V,64.95,32.21
FIA2TITV,8714767628897,Boot mat,velour,Not for LPG version,CK-SFI19V,64.95,32.21
FIA3TITV,8714767628866,Boot mat,velour,,CK-SFI16V,64.95,32.21
FIA4TITV,8714767628880,Boot mat,velour,,CK-SFI18V,64.95,32.21
FORTHING,,,,,,,
,,Boot mats velour,,,,,
FRT1T5TV,8719457654026,Boot mat,velour,,CK-SFT01V,64.95,32.21
FORD,,,,,,,
,,Boot mats velour,,,,,
FOR1BMTV,8714767629139,Boot mat,velour,,CK-SFO25V,64.95,32.21
FOR1CMTV,8714767629016,Boot mat,velour,,CK-SFO12V,64.95,32.21
FOR2CMTV,8714767629047,Boot mat,velour,Not for facelift,CK-SFO16V,64.95,32.21
FOR3CMTV,8714767629184,Boot mat,velour,Only for facelift; Not for Hybrid,CK-SFO30V,64.95,32.21
FOR1ECTV,8714767629252,Boot mat,velour,High boot floor,CK-SFO37V,64.95,32.21
FOR1EDTV,8714767629207,Boot mat,velour,,CK-SFO32V,64.95,32.21
FOR1FITV,8714767628958,Boot mat,velour,,CK-SFO06V,64.95,32.21
FOR4FITV,8714767629092,Boot mat,velour,,CK-SFO21V,64.95,32.21
FOR2FITV,8714767628972,Boot mat,velour,,CK-SFO08V,64.95,32.21
FOR3FITV,8714767629214,Boot mat,velour,,CK-SFO33V,64.95,32.21
FOR8FOTV,8714767628903,Boot mat,velour,,CK-SFO01V,64.95,32.21
FOR1FOTV,8714767628910,Boot mat,velour,,CK-SFO02V,64.95,32.21
FOR9FOTV,8714767628927,Boot mat,velour,,CK-SFO03V,64.95,32.21
FOR3FOTV,8714767629061,Boot mat,velour,Only for models with mini spare wheel cutout,CK-SFO18V,64.95,32.21
FOR4FOTV,8714767629146,Boot mat,velour,Only for models with tire repair kit,CK-SFO26V,64.95,32.21
FOR7FOTV,8714767629078,Boot mat,velour,,CK-SFO19V,64.95,32.21
FOR10FOTV,8714767629085,Boot mat,velour,,CK-SFO20V,64.95,32.21
FOR5FOTV,8714767629221,Boot mat,velour,High boot floor,CK-SFO34V,64.95,32.21
FOR6FOTV,8714767629245,Boot mat,velour,,CK-SFO36V,64.95,32.21
FOR1FUTV,8714767628941,Boot mat,velour,Only for Facelift,CK-SFO05V,64.95,32.21
FOR1GCTV,8714767629030,Boot mat,velour,,CK-SFO15V,64.95,32.21
FOR1KATV,8714767629054,Boot mat,velour,,CK-SFO17V,64.95,32.21
FOR1KUTV,8714767629009,Boot mat,velour,,CK-SFO11V,64.95,32.21
FOR2KUTV,8714767629122,Boot mat,velour,,CK-SFO24V,64.95,32.21
FOR3KUTV,8714767629238,Boot mat,velour,,CK-SFO35V,64.95,32.21
FOR5MOTV,8714767629108,Boot mat,velour,,CK-SFO22V,64.95,32.21
FOR1MOTV,8714767628965,Boot mat,velour,,CK-SFO07V,64.95,32.21
FOR6MOTV,8714767628934,Boot mat,velour,,CK-SFO04V,64.95,32.21
FOR2MOTV,8714767628989,Boot mat,velour,,CK-SFO09V,64.95,32.21
FOR7MOTV,8714767628996,Boot mat,velour,,CK-SFO10V,64.95,32.21
FOR3MOTV,8714767629153,Boot mat,velour,Only for Hybrid,CK-SFO27V,64.95,32.21
FOR4MOTV,8714767629160,Boot mat,velour,,CK-SFO28V,64.95,32.21
FOR1MUTV,8719457022955,Boot mat,velour,,CK-SFO40V,64.95,32.21
FOR1PUTV,8719457238028,Boot mat,velour,High boot floor,CK-SFO38V,64.95,32.21
FOR2PUTV,8719457238035,Boot mat,velour,Low boot floor,CK-SFO39V,64.95,32.21
FOR1SMTV,8714767629023,Boot mat,velour,Only for 5-seater,CK-SFO14V,64.95,32.21
FOR2SMTV,8714767629177,Boot mat,velour,,CK-SFO29V,64.95,32.21
FOR1TOTV,8714767629191,Boot mat,velour,Only for 5-seater,CK-SFO31V,64.95,32.21
FOR1TRTV,8719457546857,Boot mat,velour,Only for M1 320 models; Long wheelbase,CK-SFO42V,64.95,32.21
HONDA,,,,,,,
,,Boot mats velour,,,,,
HON1ACTV,8714767629290,Boot mat,velour,,CK-SHO05V,64.95,32.21
HON2ACTV,8714767629306,Boot mat,velour,,CK-SHO06V,64.95,32.21
HON1CITV,8714767629269,Boot mat,velour,,CK-SHO02V,64.95,32.21
HON2CITV,8714767629320,Boot mat,velour,,CK-SHO08V,64.95,32.21
HON3CITV,8714767629405,Boot mat,velour,,CK-SHO17V,64.95,32.21
HON4CITV,8714767629313,Boot mat,velour,,CK-SHO07V,64.95,32.21
HON5CITV,8714767629337,Boot mat,velour,,CK-SHO09V,64.95,32.21
HON6CITV,8714767629368,Boot mat,velour,,CK-SHO12V,64.95,32.21
HON1CVTV,8714767629276,Boot mat,velour,,CK-SHO03V,64.95,32.21
HON2CVTV,8714767629351,Boot mat,velour,,CK-SHO11V,64.95,32.21
HON3CVTV,8714767629399,Boot mat,velour,High boot floor; Only for models with full size spare tire,CK-SHO16V,64.95,32.21
HON1HVTV,8714767629375,Boot mat,velour,,CK-SHO14V,64.95,32.21
HON2HVTV,8719457022962,Boot mat,velour,,CK-SHO20V,64.95,32.21
HON1JATV,8714767629283,Boot mat,velour,,CK-SHO04V,64.95,32.21
HON2JATV,8714767629382,Boot mat,velour,,CK-SHO15V,64.95,32.21
HON3JATV,8714767629412,Boot mat,velour,Only for Crosstar,CK-SHO18V,64.95,32.21
HON4JATV,8714767629429,Boot mat,velour,Not for Crosstar,CK-SHO19V,64.95,32.21
HYUNDAI,,,,,,,
,,Boot mats velour,,,,,
HYU1BATV,8719457449141,Boot mat,velour,,CK-SHY32V,64.95,32.21
HYU1ELTV,8714767629603,Boot mat,velour,,CK-SHY20V,64.95,32.21
HYU1COTV,8714767629535,Boot mat,velour,Only for facelift,CK-SHY12V,64.95,32.21
HYU1I1TV,8714767629627,Boot mat,velour,,CK-SHY22V,64.95,32.21
HYU2I1TV,8714767629696,Boot mat,velour,,CK-SHY29V,64.95,32.21
HYU3I1TV,8714767629498,Boot mat,velour,,CK-SHY08V,64.95,32.21
HYU1I2TV,8714767629634,Boot mat,velour,,CK-SHY23V,64.95,32.21
HYU2I2TV,8714767629481,Boot mat,velour,,CK-SHY07V,64.95,32.21
HYU3I2TV,8719457449158,Boot mat,velour,,CK-SHY33V,64.95,32.21
HYU1I3TV,8714767629450,Boot mat,velour,,CK-SHY04V,64.95,32.21
HYU2I3TV,8714767629573,Boot mat,velour,,CK-SHY16V,64.95,32.21
HYU3I3TV,8714767629665,Boot mat,velour,,CK-SHY26V,64.95,32.21
HYU4I3TV,8714767629467,Boot mat,velour,,CK-SHY05V,64.95,32.21
HYU5I3TV,8714767629597,Boot mat,velour,,CK-SHY19V,64.95,32.21
HYU6I3TV,8714767629658,Boot mat,velour,Only for models with double boot floor,CK-SHY25V,64.95,32.21
HYU1I4TV,8714767629580,Boot mat,velour,,CK-SHY18V,64.95,32.21
HYU2I4TV,8714767629511,Boot mat,velour,,CK-SHY10V,64.95,32.21
HYU1INTV,8721464013239,Boot mat,velour,,CK-SHY35V,64.95,32.21
HYU1IOTV,8714767629689,Boot mat,velour,Only for facelift,CK-SHY28V,64.95,32.21
HYU1I5TV,8719457270639,Boot mat,velour,,CK-SHY31V,64.95,32.21
HYU1X2TV,8714767629566,Boot mat,velour,Low boot floor,CK-SHY15V,64.95,32.21
HYU2X2TV,8714767629559,Boot mat,velour,Only for flat boot floor,CK-SHY14V,64.95,32.21
HYU1X3TV,8714767629504,Boot mat,velour,,CK-SHY09V,64.95,32.21
HYU1X5TV,8714767629528,Boot mat,velour,,CK-SHY11V,64.95,32.21
HYU1KOTV,8714767629672,Boot mat,velour,,CK-SHY27V,64.95,32.21
HYU2KOTV,8719457654040,Boot mat,velour,High boot floor,CK-SHY34V,64.95,32.21
HYU1MATV,8714767629436,Boot mat,velour,,CK-SHY002V,64.95,32.21
HYU1SFTV,8714767629474,Boot mat,velour,,CK-SHY06V,64.95,32.21
HYU2SFTV,8714767629610,Boot mat,velour,,CK-SHY21V,64.95,32.21
HYU1TUTV,8714767629702,Boot mat,velour,Only for full hybrid,CK-SHY30V,64.95,32.21
HYU2TUTV,8714767629443,Boot mat,velour,,CK-SHY003V,64.95,32.21
HYU3TUTV,8714767629641,Boot mat,velour,,CK-SHY24V,64.95,32.21
HYU1VETV,8714767629542,Boot mat,velour,,CK-SHY13V,64.95,32.21
JAGUAR,,,,,,,
,,Boot mats velour,,,,,
JAG1IPTV,8714767629719,Boot mat,velour,,CK-SJA01V,64.95,32.21
JEEP,,,,,,,
,,Boot mats velour,,,,,
JEE1AVTV,8719457546864,Boot mat,velour,High boot floor,CK-SJE04V,64.95,32.21
JEE1CHTV,8714767629726,Boot mat,velour,,CK-SJE01V,64.95,32.21
JEE1COTV,8714767629740,Boot mat,velour,High boot floor,CK-SJE03V,64.95,32.21
JEE1RETV,8714767629733,Boot mat,velour,,CK-SJE02V,64.95,32.21
KIA,,,,,,,
,,Boot mats velour,,,,,
KIA1CATV,8714767629894,Boot mat,velour,,CK-SKI15V,64.95,32.21
KIA2CETV,8714767629771,Boot mat,velour,,CK-SKI03V,64.95,32.21
KIA3CETV,8714767629863,Boot mat,velour,,CK-SKI12V,64.95,32.21
KIA1CETV,8714767629993,Boot mat,velour,,CK-SKI25V,64.95,32.21
KIA4CETV,8714767629788,Boot mat,velour,,CK-SKI04V,64.95,32.21
KIA5CETV,8714767629870,Boot mat,velour,,CK-SKI13V,64.95,32.21
KIA1SLTV,8714767630029,Boot mat,velour,,CK-SKI28V,64.95,32.21
KIA1E3TV,8719457654064,Boot mat,velour,,CK-SKI33V,64.95,32.21
KIA2E3TV,8721464013260,Boot mat,velour,Low boot floor,CK-SKI35V,64.95,32.21
KIA1E4TV,8721464013277,Boot mat,velour,,CK-SKI36V,64.95,32.21
KIA1E9TV,8719457654071,Boot mat,velour,,CK-SKI34V,64.95,32.21
KIA1NITV,8714767629962,Boot mat,velour,High boot floor,CK-SKI22V,64.95,32.21
KIA4NITV,8719457905128,Boot mat,velour,High boot floor; Incl. models with subwoofer,CK-SKI32V,64.95,32.21
KIA2NITV,8719457025529,Boot mat,velour,,CK-SKI30V,64.95,32.21
KIA3NITV,8719457546871,Boot mat,velour,High boot floor; Only for Plug-in Hybrid,CK-SKI31V,64.95,32.21
KIA1OPTV,8714767629924,Boot mat,velour,,CK-SKI18V,64.95,32.21
KIA2PITV,8714767629986,Boot mat,velour,,CK-SKI24V,64.95,32.21
KIA1PITV,8714767629825,Boot mat,velour,,CK-SKI08V,64.95,32.21
KIA1PCTV,8714767630005,Boot mat,velour,,CK-SKI26V,64.95,32.21
KIA1RITV,8714767629832,Boot mat,velour,,CK-SKI09V,64.95,32.21
KIA2RITV,8714767629955,Boot mat,velour,,CK-SKI21V,64.95,32.21
KIA1SOTV,8714767629757,Boot mat,velour,,CK-SKI01V,64.95,32.21
KIA5SOTV,8714767630012,Boot mat,velour,Only for 7-seater,CK-SKI27V,64.95,32.21
KIA4SOTV,8714767629917,Boot mat,velour,,CK-SKI17V,64.95,32.21
KIA2SOTV,8714767629801,Boot mat,velour,Only for 5-seater,CK-SKI06V,64.95,32.21
KIA3SOTV,8714767629900,Boot mat,velour,Only for facelift,CK-SKI16V,64.95,32.21
KIA2SLTV,8714767629887,Boot mat,velour,,CK-SKI14V,64.95,32.21
KIA4SLTV,8714767629948,Boot mat,velour,,CK-SKI20V,64.95,32.21
KIA5SLTV,8719457449165,Boot mat,velour,Only for XL,CK-SKI05V,64.95,32.21
KIA1SPTV,8714767629764,Boot mat,velour,,CK-SKI02V,64.95,32.21
KIA2SPTV,8714767629856,Boot mat,velour,,CK-SKI11V,64.95,32.21
KIA3SPTV,8714767629931,Boot mat,velour,,CK-SKI19V,64.95,32.21
KIA4SPTV,8719457270646,Boot mat,velour,Only for Hybrid,CK-SKI29V,64.95,32.21
KIA1STTV,8714767629979,Boot mat,velour,High boot floor,CK-SKI23V,64.95,32.21
KIA1VETV,8714767629818,Boot mat,velour,Low boot floor,CK-SKI07V,64.95,32.21
KIA2VETV,8714767629849,Boot mat,velour,High boot floor,CK-SKI10V,64.95,32.21
LANCIA,,,,,,,
,,Boot mats velour,,,,,
LAN1DETV,8714767630036,Boot mat,velour,,CK-SLN01V,64.95,32.21
LAN1YPTV,8714767630043,Boot mat,velour,,CK-SLN02V,64.95,32.21
LAND ROVER / RANGE ROVER,,,,,,,
,,Boot mats velour,,,,,
LRO1DITV,8714767630050,Boot mat,velour,,CK-SLR01V,64.95,32.21
LEAPMOTOR,,,,,,,
,,Boot mats velour,,,,,
LEA1B1TV,8721464013291,Boot mat,velour,,CK-SLP03V,64.95,32.21
LEA1C1TV,8721464013284,Boot mat,velour,,CK-SLP02V,64.95,32.21
LEA103TV,8719457654088,Boot mat,velour,,CK-SLP01V,64.95,32.21
LYNK & CO,,,,,,,
,,Boot mats velour,,,,,
LYN1C01TV,8719457905135,Boot mat,velour,,CK-SLY01V,64.95,32.21
MAXUS,,,,,,,
,,Boot mats velour,,,,,
MAX1EUTV,8721464013321,Boot mat,velour,,CK-SMX01V,64.95,32.21
MAZDA,,,,,,,
,,Boot mats velour,,,,,
MAZ1M2TV,8719457476284,Boot mat,velour,Low boot floor; Only for Hybrid,CK-SMA19V,64.95,32.21
MAZ1M3TV,8714767630180,Boot mat,velour,,CK-SMA14V,64.95,32.21
MAZ2M3TV,8714767630104,Boot mat,velour,,CK-SMA05V,64.95,32.21
MAZ3M3TV,8714767630210,Boot mat,velour,,CK-SMA17V,64.95,32.21
MAZ4M3TV,8714767630074,Boot mat,velour,,CK-SMA02V,64.95,32.21
MAZ5M3TV,8714767630098,Boot mat,velour,,CK-SMA04V,64.95,32.21
MAZ1M6TV,8714767630111,Boot mat,velour,,CK-SMA06V,64.95,32.21
MAZ2M6TV,8714767630128,Boot mat,velour,,CK-SMA07V,64.95,32.21
MAZ3M6TV,8714767630166,Boot mat,velour,,CK-SMA11V,64.95,32.21
MAZ4M6TV,8714767630173,Boot mat,velour,,CK-SMA12V,64.95,32.21
MAZ5M6TV,8714767630067,Boot mat,velour,,CK-SMA01V,64.95,32.21
MAZ6M6TV,8714767630081,Boot mat,velour,,CK-SMA03V,64.95,32.21
MAZ1C3TV,8714767630142,Boot mat,velour,,CK-SMA09V,64.95,32.21
MAZ1C0TV,8714767630197,Boot mat,velour,High boot floor,CK-SMA15V,64.95,32.21
MAZ2C0TV,8719457025536,Boot mat,velour,Incl. Smart Cargo,CK-SMA18V,64.95,32.21
MAZ1C5TV,8714767630159,Boot mat,velour,,CK-SMA10V,64.95,32.21
MAZ2C5TV,8714767630203,Boot mat,velour,,CK-SMA16V,64.95,32.21
MAZ1C7TV,8714767630135,Boot mat,velour,,CK-SMA08V,64.95,32.21
MERCEDES-BENZ,,,,,,,
,,Boot mats velour,,,,,
MB1AKTV,8714767630227,Boot mat,velour,High boot floor,CK-SME01V,64.95,32.21
MB2AKTV,8714767630296,Boot mat,velour,Low boot floor,CK-SME08V,64.95,32.21
MB3AKTV,8714767630333,Boot mat,velour,,CK-SME12V,64.95,32.21
MB4AKTV,8714767630395,Boot mat,velour,,CK-SME19V,64.95,32.21
MB2BKTV,8714767630234,Boot mat,velour,High boot floor,CK-SME02V,64.95,32.21
MB3BKTV,8714767630302,Boot mat,velour,Low boot floor,CK-SME09V,64.95,32.21
MB4BKTV,8714767630357,Boot mat,velour,Low boot floor,CK-SME15V,64.95,32.21
MB1BKTV,8714767630432,Boot mat,velour,,CK-SME24V,64.95,32.21
MB1CKTV,8714767630258,Boot mat,velour,,CK-SME04V,64.95,32.21
MB3CKTV,8714767630241,Boot mat,velour,,CK-SME03V,64.95,32.21
MB4CKTV,8714767630340,Boot mat,velour,,CK-SME14V,64.95,32.21
MB5CKTV,8714767630364,Boot mat,velour,,CK-SME16V,64.95,32.21
MB6CKTV,8719457270776,Boot mat,velour,,CK-SME30V,64.95,32.21
MB7CKTV,8719457449172,Boot mat,velour,Not for Plug-In Hybrid,CK-SME31V,64.95,32.21
MB8CKTV,8719457449189,Boot mat,velour,Incl. Plug-In Hybrid,CK-SME32V,64.95,32.21
MB2CKTV,8714767630319,Boot mat,velour,Only for short version,CK-SME10V,64.95,32.21
MB1CITV,8714767631705,Boot mat,velour,,CK-SRE33V,64.95,32.21
MB2CITV,8719457270745,Boot mat,velour,,CK-SME28V,64.95,32.21
MB1CATV,8714767630449,Boot mat,velour,,CK-SME25V,64.95,32.21
MB2CATV,8714767641636,Boot mat,velour,,CK-SME33V,64.95,32.21
MB3CATV,8714767641636,Boot mat,velour,,CK-SME33V,64.95,32.21
MB1EKTV,8714767630272,Boot mat,velour,,CK-SME06V,64.95,32.21
MB2EKTV,8714767630265,Boot mat,velour,,CK-SME05V,64.95,32.21
MB3EKTV,8714767630388,Boot mat,velour,,CK-SME18V,64.95,32.21
MB4EKTV,8714767630371,Boot mat,velour,,CK-SME17V,64.95,32.21
MB1QATV,8719457270769,Boot mat,velour,,CK-SME29V,64.95,32.21
MB1QBTV,8719457546888,Boot mat,velour,,CK-SME34V,64.95,32.21
MB3GKTV,8719457905142,Boot mat,velour,Incl. Facelift,CK-SME36V,64.95,32.21
MB1GATV,8714767630432,Boot mat,velour,,CK-SME24V,64.95,32.21
MB1GBTV,8714767630425,Boot mat,velour,High boot floor,CK-SME23V,64.95,32.21
MB2GBTV,8714767630463,Boot mat,velour,Low boot floor,CK-SME27V,64.95,32.21
MB1GCTV,8714767630401,Boot mat,velour,,CK-SME20V,64.95,32.21
MB2GCTV,8714767630418,Boot mat,velour,,CK-SME21V,64.95,32.21
MB3GCTV,8721464013307,Boot mat,velour,,CK-SME38V,64.95,32.21
MB1GETV,8714767630456,Boot mat,velour,Not for Plug-In Hybrid,CK-SME26V,64.95,32.21
MB4GETV,8719457546901,Boot mat,velour,,CK-SME35V,64.95,32.21
MB3GETV,8719457546895,Boot mat,velour,,CK-SME35V,64.95,32.21
MB2GKTV,8714767630326,Boot mat,velour,Only for short version,CK-SME11V,64.95,32.21
MB1GKTV,8714767630289,Boot mat,velour,Only for long version,CK-SME07V,64.95,32.21
MINI,,,,,,,
,,Boot mats velour,,,,,
MIN1COTV,8714767628262,Boot mat,velour,,CK-SBM26V,64.95,32.21
MIN2COTV,8714767628101,Boot mat,velour,,CK-SBM09V,64.95,32.21
MIN1MITV,8714767628293,Boot mat,velour,,CK-SBM29V,64.95,32.21
MIN1PATV,8714767628095,Boot mat,velour,,CK-SBM08V,64.95,32.21
MITSUBISHI,,,,,,,
,,Boot mats velour,,,,,
MIT1ASTV,8714767630500,Boot mat,velour,,CK-SMT04V,64.95,32.21
MIT1ECTV,8714767630548,Boot mat,velour,,CK-SMT08V,64.95,32.21
MIT1LATV,8714767630470,Boot mat,velour,,CK-SMT01V,64.95,32.21
MIT2LATV,8714767630494,Boot mat,velour,,CK-SMT03V,64.95,32.21
MIT1OUTV,8714767630487,Boot mat,velour,Not for Sport,CK-SMT02V,64.95,32.21
MIT2OUTV,8714767630517,Boot mat,velour,,CK-SMT05V,64.95,32.21
MIT3OUTV,8714767630524,Boot mat,velour,Not for facelift,CK-SMT06V,64.95,32.21
MIT4OUTV,8714767630531,Boot mat,velour,Only for facelift,CK-SMT07V,64.95,32.21
MG,,,,,,,
,,Boot mats velour,,,,,
MG1MG3TV,8719457654101,Boot mat,velour,,CK-SMG09V,64.95,32.21
MG1CYTV,8719457654118,Boot mat,velour,Only for Electric (EV),CK-SMG11V,64.95,32.21
MG1HSTV,8719457025604,Boot mat,velour,Only for Plug-In Hybrid,CK-SMG04V,64.95,32.21
MG2HSTV,8719457863473,Boot mat,velour,Only for Plug-In Hybrid (Phev),CK-SMG08V,64.95,32.21
MG1MRTV,8719457270806,Boot mat,velour,,CK-SMG03V,64.95,32.21
MG1MG4TV,8714767639893,Boot mat,velour,,CK-SMG07V,64.95,32.21
MG1MG5TV,8719457476307,Boot mat,velour,High boot floor,CK-SMG05V,64.95,32.21
MG2MG5TV,8719457476314,Boot mat,velour,Low boot floor,CK-SMG06V,64.95,32.21
MG1MGSTV,8721464013314,Boot mat,velour,,CK-SMG12V,64.95,32.21
MG1ZSTV,8719457270783,Boot mat,velour,High boot floor,CK-SMG01V,64.95,32.21
MG2ZSTV,8719457270790,Boot mat,velour,Low boot floor,CK-SMG02V,64.95,32.21
MG3ZSTV,8719457654095,Boot mat,velour,,CK-SMG10V,64.95,32.21
NISSAN,,,,,,,
,,Boot mats velour,,,,,
NIS1ALTV,8714767630555,Boot mat,velour,,CK-SNI01V,64.95,32.21
NIS1ATTV,8714767630562,Boot mat,velour,,CK-SNI02V,64.95,32.21
NIS1ARTV,8714767641544,Boot mat,velour,,CK-SNI21V,64.95,32.21
NIS1CUTV,8714767630678,Boot mat,velour,,CK-SNI13V,64.95,32.21
NIS1JUTV,8714767630654,Boot mat,velour,Not for facelift,CK-SNI11V,64.95,32.21
NIS2JUTV,8714767630692,Boot mat,velour,Only for facelift,CK-SNI15V,64.95,32.21
NIS3JUTV,8714767630746,Boot mat,velour,,CK-SNI20V,64.95,32.21
NIS1MITV,8714767630579,Boot mat,velour,,CK-SNI03V,64.95,32.21
NIS2MITV,8714767630661,Boot mat,velour,,CK-SNI12V,64.95,32.21
NIS3MITV,8714767630739,Boot mat,velour,,CK-SNI19V,64.95,32.21
NIS1NOTV,8714767630623,Boot mat,velour,,CK-SNI08V,64.95,32.21
NIS1PRTV,8714767630586,Boot mat,velour,,CK-SNI04V,64.95,32.21
NIS2PRTV,8714767630593,Boot mat,velour,,CK-SNI05V,64.95,32.21
NIS3PRTV,8714767630609,Boot mat,velour,,CK-SNI06V,64.95,32.21
NIS1PUTV,8714767630685,Boot mat,velour,,CK-SNI14V,64.95,32.21
NIS1QATV,8714767630647,Boot mat,velour,,CK-SNI10V,64.95,32.21
NIS2QATV,8714767630630,Boot mat,velour,,CK-SNI09V,64.95,32.21
NIS3QATV,8714767630722,Boot mat,velour,,CK-SNI18V,64.95,32.21
NIS4QATV,8719457905159,Boot mat,velour,High boot floor; Only for Tekna. Tekna+ and N-Connecta,CK-SNI22V,64.95,32.21
NIS5QATV,8719457905166,Boot mat,velour,Low boot floor; Only for Acenta and Vista,CK-SNI23V,64.95,32.21
NIS1XTTV,8714767630715,Boot mat,velour,Only for 5-seater,CK-SNI17V,64.95,32.21
NIS2XTTV,8714767630708,Boot mat,velour,Only for 7-seater,CK-SNI16V,64.95,32.21
NIS3XTTV,8714767630616,Boot mat,velour,,CK-SNI07V,64.95,32.21
OPEL,,,,,,,
,,Boot mats velour,,,,,
OPE1ADTV,8719457449196,Boot mat,velour,,CK-SOP40V,64.95,32.21
OPE1AGTV,8714767630753,Boot mat,velour,,CK-SOP01V,64.95,32.21
OPE1ASTV,8714767630760,Boot mat,velour,,CK-SOP02V,64.95,32.21
OPE2ASTV,8714767630777,Boot mat,velour,,CK-SOP03V,64.95,32.21
OPE3ASTV,8714767630784,Boot mat,velour,,CK-SOP04V,64.95,32.21
OPE4ASTV,8714767630791,Boot mat,velour,,CK-SOP05V,64.95,32.21
OPE5ASTV,8714767630869,Boot mat,velour,,CK-SOP14V,64.95,32.21
OPE6ASTV,8714767630876,Boot mat,velour,,CK-SOP15V,64.95,32.21
OPE7ASTV,8714767630920,Boot mat,velour,,CK-SOP20V,64.95,32.21
OPE8ASTV,8714767630968,Boot mat,velour,,CK-SOP24V,64.95,32.21
OPE9ASTV,8714767630937,Boot mat,velour,,CK-SOP21V,64.95,32.21
OPE10ASTV,8714767631002,Boot mat,velour,,CK-SOP28V,64.95,32.21
OPE11ASTV,8714767631019,Boot mat,velour,,CK-SOP29V,64.95,32.21
OPE12ASTV,8714767639923,Boot mat,velour,High boot floor,CK-SOP41V,64.95,32.21
OPE1CMTV,8714767631095,Boot mat,velour,Only for L1,CK-SOP37V,64.95,32.21
OPE2CMTV,8714767631071,Boot mat,velour,Only for L2,CK-SOP35V,64.95,32.21
OPE3CMTV,8714767628583,Boot mat,velour,Short wheelbase,CK-SCI18V,64.95,32.21
OPE4CMTV,8714767628606,Boot mat,velour,Long wheelbase,CK-SCI20V,64.95,32.21
OPE1COTV,8714767630807,Boot mat,velour,,CK-SOP07V,64.95,32.21
OPE2COTV,8714767630890,Boot mat,velour,,CK-SOP17V,64.95,32.21
OPE3COTV,8714767630982,Boot mat,velour,,CK-SOP26V,64.95,32.21
OPE4COTV,8714767631064,Boot mat,velour,Not for e-Corsa,CK-SOP34V,64.95,32.21
OPE1CRTV,8714767631026,Boot mat,velour,,CK-SOP30V,64.95,32.21
OPE5COTV,8714767631088,Boot mat,velour,Only for e-Corsa,CK-SOP36V,64.95,32.21
OPE1FRTV,8719457654125,Boot mat,velour,,CK-SOP42V,64.95,32.21
OPE1GRTV,8714767631330,Boot mat,velour,High boot floor,CK-SPE23V,64.95,32.21
OPE2GRTV,8714767631057,Boot mat,velour,Low boot floor,CK-SPE28V,64.95,32.21
OPE3GRTV,8721464013338,Boot mat,velour,,CK-SOP43V,64.95,32.21
OPE1INTV,8714767630906,Boot mat,velour,,CK-SOP18V,64.95,32.21
OPE2INTV,8714767631033,Boot mat,velour,,CK-SOP31V,64.95,32.21
OPE3INTV,8714767631040,Boot mat,velour,,CK-SOP32V,64.95,32.21
OPE4INTV,8714767630913,Boot mat,velour,,CK-SOP19V,64.95,32.21
OPE1KATV,8714767630999,Boot mat,velour,,CK-SOP27V,64.95,32.21
OPE1METV,8714767630944,Boot mat,velour,,CK-SOP22V,64.95,32.21
OPE1MKTV,8714767630975,Boot mat,velour,,CK-SOP25V,64.95,32.21
OPE2MKTV,8714767631101,Boot mat,velour,Incl. e-Mokka,CK-SOP38V,64.95,32.21
OPE3MKTV,8719457025611,Boot mat,velour,Incl. e-Mokka; High boot floor,CK-SOP39V,64.95,32.21
OPE1VETV,8714767630814,Boot mat,velour,,CK-SOP08V,64.95,32.21
OPE2VETV,8714767630821,Boot mat,velour,,CK-SOP09V,64.95,32.21
OPE3VETV,8714767630838,Boot mat,velour,,CK-SOP10V,64.95,32.21
OPE4VETV,8714767630845,Boot mat,velour,,CK-SOP12V,64.95,32.21
OPE1ZATV,8714767630852,Boot mat,velour,,CK-SOP13V,64.95,32.21
OPE2ZATV,8714767630883,Boot mat,velour,,CK-SOP16V,64.95,32.21
OPE3ZATV,8714767630951,Boot mat,velour,,CK-SOP23V,64.95,32.21
PEUGEOT,,,,,,,
,,Boot mats velour,,,,,
PEU118TV,8714767628545,Boot mat,velour,,CK-SCI14V,64.95,32.21
PEU120TV,8714767631293,Boot mat,velour,,CK-SPE19V,64.95,32.21
PEU220TV,8714767631354,Boot mat,velour,,CK-SPE25V,64.95,32.21
PEU126TV,8714767631118,Boot mat,velour,,CK-SPE01V,64.95,32.21
PEU226TV,8714767631248,Boot mat,velour,,CK-SPE14V,64.95,32.21
PEU127TV,8714767631163,Boot mat,velour,,CK-SPE06V,64.95,32.21
PEU227TV,8714767631217,Boot mat,velour,,CK-SPE11V,64.95,32.21
PEU128TV,8714767631231,Boot mat,velour,,CK-SPE13V,64.95,32.21
PEU228TV,8714767631064,Boot mat,velour,Excl. e-208,CK-SOP34V,64.95,32.21
PEU130TV,8714767631262,Boot mat,velour,High boot floor,CK-SPE16V,64.95,32.21
PEU230TV,8714767631279,Boot mat,velour,Low boot floor,CK-SPE17V,64.95,32.21
PEU330TV,8714767631200,Boot mat,velour,Only for Flat boot floor,CK-SPE10V,64.95,32.21
PEU430TV,8714767631330,Boot mat,velour,High boot floor,CK-SPE23V,64.95,32.21
PEU530TV,8714767631057,Boot mat,velour,Low boot floor,CK-SPE28V,64.95,32.21
PEU137TV,8714767631125,Boot mat,velour,,CK-SPE02V,64.95,32.21
PEU237TV,8714767631156,Boot mat,velour,,CK-SPE05V,64.95,32.21
PEU138TV,8714767631194,Boot mat,velour,,CK-SPE09V,64.95,32.21
PEU238TV,8714767631316,Boot mat,velour,,CK-SPE21V,64.95,32.21
PEU538TV,8719457025628,Boot mat,velour,,CK-SPE29V,64.95,32.21
PEU338TV,8714767631224,Boot mat,velour,,CK-SPE12V,64.95,32.21
PEU438TV,8714767631323,Boot mat,velour,,CK-SPE22V,64.95,32.21
PEU738TV,8719457476338,Boot mat,velour,Only for Hybrid,CK-SPE31V,64.95,32.21
PEU147TV,8714767631132,Boot mat,velour,,CK-SPE03V,64.95,32.21
PEU247TV,8714767631149,Boot mat,velour,,CK-SPE04V,64.95,32.21
PEU150TV,8714767631309,Boot mat,velour,,CK-SPE20V,64.95,32.21
PEU158TV,8714767631378,Boot mat,velour,,CK-SPE27V,64.95,32.21
PEU258TV,8714767631361,Boot mat,velour,,CK-SPE26V,64.95,32.21
PEU358TV,8714767631286,Boot mat,velour,,CK-SPE18V,64.95,32.21
PEU458TV,8714767631255,Boot mat,velour,,CK-SPE15V,64.95,32.21
PEU328TV,8714767631347,Boot mat,velour,Only for e-208,CK-SPE24V,64.95,32.21
PEU1PATV,8714767631170,Boot mat,velour,,CK-SPE07V,64.95,32.21
PEU2PATV,8714767631187,Boot mat,velour,,CK-SPE08V,64.95,32.21
PEU1RITV,8714767628583,Boot mat,velour,Short wheelbase,CK-SCI18V,64.95,32.21
PEU2RITV,8714767628606,Boot mat,velour,Long wheelbase,CK-SCI20V,64.95,32.21
RENAULT,,,,,,,
,,Boot mats velour,,,,,
REN1ARTV,8719457025635,Boot mat,velour,,CK-SRE37V,64.95,32.21
REN1AUTV,8714767641483,Boot mat,velour,,CK-SRE40V,64.95,32.21
REN1CATV,8714767631590,Boot mat,velour,,CK-SRE22V,64.95,32.21
REN2CATV,8714767631729,Boot mat,velour,,CK-SRE35V,64.95,32.21
REN1CLTV,8714767631385,Boot mat,velour,,CK-SRE01V,64.95,32.21
REN2CLTV,8714767631439,Boot mat,velour,,CK-SRE06V,64.95,32.21
REN3CLTV,8714767631576,Boot mat,velour,,CK-SRE20V,64.95,32.21
REN4CLTV,8714767631569,Boot mat,velour,,CK-SRE19V,64.95,32.21
REN5CLTV,8714767631446,Boot mat,velour,,CK-SRE07V,64.95,32.21
REN6CLTV,8714767631712,Boot mat,velour,,CK-SRE34V,64.95,32.21
REN1ESTV,8719457654149,Boot mat,velour,Only for 5-seater; Only for E-Tech,CK-SRE44V,64.95,32.21
REN1GSTV,8714767631651,Boot mat,velour,,CK-SRE28V,64.95,32.21
REN1KDTV,8714767631606,Boot mat,velour,,CK-SRE23V,64.95,32.21
REN1KATV,8714767631705,Boot mat,velour,,CK-SRE33V,64.95,32.21
REN1LATV,8714767631392,Boot mat,velour,,CK-SRE02V,64.95,32.21
REN2LATV,8714767631408,Boot mat,velour,,CK-SRE03V,64.95,32.21
REN3LATV,8714767631453,Boot mat,velour,,CK-SRE08V,64.95,32.21
REN4LATV,8714767631583,Boot mat,velour,,CK-SRE21V,64.95,32.21
REN1METV,8714767631415,Boot mat,velour,,CK-SRE04V,64.95,32.21
REN2METV,8714767631491,Boot mat,velour,,CK-SRE12V,64.95,32.21
REN3METV,8714767631477,Boot mat,velour,,CK-SRE10V,64.95,32.21
REN4METV,8714767631460,Boot mat,velour,,CK-SRE09V,64.95,32.21
REN5METV,8714767631668,Boot mat,velour,,CK-SRE29V,64.95,32.21
REN6METV,8714767631637,Boot mat,velour,,CK-SRE26V,64.95,32.21
REN7METV,8714767641605,Boot mat,velour,,CK-SRE41V,64.95,32.21
REN1RATV,8719457654156,Boot mat,velour,Not for Plug-in Hybrid (PHEV),CK-SRE45V,64.95,32.21
REN1SCTV,8714767631521,Boot mat,velour,,CK-SRE15V,64.95,32.21
REN2SCTV,8714767631644,Boot mat,velour,,CK-SRE27V,64.95,32.21
REN1TATV,8714767631620,Boot mat,velour,,CK-SRE25V,64.95,32.21
REN2TATV,8714767631613,Boot mat,velour,,CK-SRE24V,64.95,32.21
REN1ZOTV,8714767631699,Boot mat,velour,,CK-SRE32V,64.95,32.21
SEAT,,,,,,,
,,Boot mats velour,,,,,
SEA1ALTV,8714767632979,Boot mat,velour,,CK-SVW16V,64.95,32.21
SEA1ATTV,8714767631774,Boot mat,velour,,CK-SSE02V,64.95,32.21
SEA2ATTV,8714767631798,Boot mat,velour,,CK-SSE04V,64.95,32.21
SEA1ARTV,8714767631927,Boot mat,velour,,CK-SSE18V,64.95,32.21
SEA1AATV,8714767631897,Boot mat,velour,Only for two-wheel drive (2WD); High boot floor,CK-SSE15V,64.95,32.21
SEA2AATV,8714767631903,Boot mat,velour,Only for four-wheel drive (4WD); High boot floor,CK-SSE16V,64.95,32.21
SEA1COTV,8714767631767,Boot mat,velour,,CK-SSE01V,64.95,32.21
SEA1EXTV,8714767631804,Boot mat,velour,,CK-SSE05V,64.95,32.21
SEA2EXTV,8714767631842,Boot mat,velour,,CK-SSE09V,64.95,32.21
SEA1IBTV,8714767631910,Boot mat,velour,Low boot floor,CK-SSE17V,64.95,32.21
SEA2IBTV,8714767631781,Boot mat,velour,,CK-SSE03V,64.95,32.21
SEA3IBTV,8714767631811,Boot mat,velour,,CK-SSE06V,64.95,32.21
SEA4IBTV,8714767631859,Boot mat,velour,,CK-SSE10V,64.95,32.21
SEA1LETV,8714767631828,Boot mat,velour,,CK-SSE07V,64.95,32.21
SEA2LETV,8714767631866,Boot mat,velour,,CK-SSE11V,64.95,32.21
SEA3LETV,8714767631880,Boot mat,velour,,CK-SSE14V,64.95,32.21
SEA4LETV,8714767631934,Boot mat,velour,,CK-SSE19V,64.95,32.21
SEA5LETV,8714767631958,Boot mat,velour,High boot floor,CK-SSE21V,64.95,32.21
SEA1MITV,8714767633136,Boot mat,velour,Low boot floor,CK-SVW33V,64.95,32.21
SEA2MITV,8714767632993,Boot mat,velour,High boot floor; Incl. Mii electric,CK-SVW18V,64.95,32.21
SEA1TATV,8714767631941,Boot mat,velour,Only for 7-seater,CK-SSE20V,64.95,32.21
SEA1TOTV,8714767631835,Boot mat,velour,,CK-SSE08V,64.95,32.21
SEA2TOTV,8714767631873,Boot mat,velour,,CK-SSE12V,64.95,32.21
SERES,,,,,,,
,,Boot mats velour,,,,,
SER1S3TV,8719457449219,Boot mat,velour,,CK-SRS01V,64.95,32.21
SKODA,,,,,,,
,,Boot mats velour,,,,,
SKO1CITV,8714767633136,Boot mat,velour,Low boot floor,CK-SVW33V,64.95,32.21
SKO2CITV,8714767632993,Boot mat,velour,High boot floor; Incl. Citigo electric,CK-SVW18V,64.95,32.21
SKO1ELTV,8721464013369,Boot mat,velour,,CK-SSK37V,64.95,32.21
SKO1ENTV,8714767632238,Boot mat,velour,,CK-SSK33V,64.95,32.21
SKO1FATV,8714767631965,Boot mat,velour,,CK-SSK01V,64.95,32.21
SKO2FATV,8714767632047,Boot mat,velour,,CK-SSK10V,64.95,32.21
SKO3FATV,8714767631989,Boot mat,velour,,CK-SSK03V,64.95,32.21
SKO4FATV,8714767632054,Boot mat,velour,,CK-SSK11V,64.95,32.21
SKO5FATV,8714767632184,Boot mat,velour,,CK-SSK26V,64.95,32.21
SKO6FATV,8714767632177,Boot mat,velour,,CK-SSK25V,64.95,32.21
SKO7FATV,8714767631972,Boot mat,velour,,CK-SSK02V,64.95,32.21
SKO8FATV,8719457025659,Boot mat,velour,High boot floor,CK-SSK34V,64.95,32.21
SKO9FATV,8719457271322,Boot mat,velour,Low boot floor,CK-SSK35V,64.95,32.21
SKO1KMTV,8714767632221,Boot mat,velour,Low boot floor,CK-SSK32V,64.95,32.21
SKO1KATV,8714767631897,Boot mat,velour,Only for two-wheel drive (2WD),CK-SSE15V,64.95,32.21
SKO1KOTV,8714767632191,Boot mat,velour,Only for 5-seater; High boot floor,CK-SSK29V,64.95,32.21
SKO1OCTV,8714767632009,Boot mat,velour,,CK-SSK06V,64.95,32.21
SKO2OCTV,8714767632016,Boot mat,velour,,CK-SSK07V,64.95,32.21
SKO3OCTV,8714767631996,Boot mat,velour,,CK-SSK05V,64.95,32.21
SKO4OCTV,8714767632108,Boot mat,velour,Only for Active,CK-SSK18V,64.95,32.21
SKO5OCTV,8714767632115,Boot mat,velour,Only for Ambition,CK-SSK19V,64.95,32.21
SKO6OCTV,8714767632122,Boot mat,velour,Only for Elegant/Style,CK-SSK20V,64.95,32.21
SKO7OCTV,8714767632139,Boot mat,velour,Only for Active,CK-SSK21V,64.95,32.21
SKO8OCTV,8714767632146,Boot mat,velour,Only for Ambition,CK-SSK22V,64.95,32.21
SKO9OCTV,8714767632153,Boot mat,velour,Only for Elegant/Style,CK-SSK23V,64.95,32.21
SKO10OCTV,8714767632214,Boot mat,velour,Only for Ambition,CK-SSK31V,64.95,32.21
SKO11OCTV,8714767632023,Boot mat,velour,,CK-SSK08V,64.95,32.21
SKO1RATV,8714767631873,Boot mat,velour,,CK-SSE12V,64.95,32.21
SKO2RATV,8714767632160,Boot mat,velour,,CK-SSK24V,64.95,32.21
SKO1ROTV,8714767632030,Boot mat,velour,,CK-SSK09V,64.95,32.21
SKO1SCTV,8714767632207,Boot mat,velour,,CK-SSK30V,64.95,32.21
SKO1SUTV,8714767632061,Boot mat,velour,,CK-SSK12V,64.95,32.21
SKO2SUTV,8714767632078,Boot mat,velour,,CK-SSK14V,64.95,32.21
SKO3SUTV,8721464013352,Boot mat,velour,Low boot floor,CK-SSK36V,64.95,32.21
SKO1YETV,8714767632085,Boot mat,velour,Only for models with full size spare tire,CK-SSK15V,64.95,32.21
SKO2YETV,8714767632092,Boot mat,velour,For models with tire repair kit,CK-SSK16V,64.95,32.21
SMART,,,,,,,
,,Boot mats velour,,,,,
SMA1H1TV,8719457905173,Boot mat,velour,,CK-SSM06V,64.95,32.21
SMA1FFTV,8714767632252,Boot mat,velour,,CK-SSM02V,64.95,32.21
SMA2FFTV,8714767632276,Boot mat,velour,,CK-SSM04V,64.95,32.21
SMA1FTTV,8714767632283,Boot mat,velour,Incl. City Coupé,CK-SSM05V,64.95,32.21
SMA2FTTV,8714767632245,Boot mat,velour,,CK-SSM01V,64.95,32.21
SMA3FTTV,8714767632269,Boot mat,velour,,CK-SSM03V,64.95,32.21
SSANGYOYNG - KGM,,,,,,,
,,Boot mats velour,,,,,
SSY1KOTV,8714767632306,Boot mat,velour,,CK-SSY03V,64.95,32.21
SSY1TITV,8714767632313,Boot mat,velour,,CK-SSY04V,64.95,32.21
SSY1KYTV,8714767632290,Boot mat,velour,,CK-SSY02V,64.95,32.21
SUBARU,,,,,,,
,,Boot mats velour,,,,,
SUB1FOTV,8714767631743,Boot mat,velour,,CK-SSB01V,64.95,32.21
SUB1LETV,8714767631750,Boot mat,velour,,CK-SSB02V,64.95,32.21
SUZUKI,,,,,,,
,,Boot mats velour,,,,,
SUZ1ACTV,8714767632412,Boot mat,velour,Only for Hybrid,CK-SSZ10V,64.95,32.21
SUZ1ALTV,8714767632375,Boot mat,velour,,CK-SSZ06V,64.95,32.21
SUZ1CETV,8714767632405,Boot mat,velour,,CK-SSZ09V,64.95,32.21
SUZ1GVTV,8714767632337,Boot mat,velour,,CK-SSZ02V,64.95,32.21
SUZ1IGTV,8714767632443,Boot mat,velour,Only for two-wheel drive (2WD),CK-SSZ14V,64.95,32.21
SUZ2IGTV,8714767632436,Boot mat,velour,Only for four-wheel drive (4WD); Only for Allgrip,CK-SSZ12V,64.95,32.21
SUZ1JITV,8714767632429,Boot mat,velour,,CK-SSZ11V,64.95,32.21
SUZ1SPTV,8714767632368,Boot mat,velour,,CK-SSZ05V,64.95,32.21
SUZ1SCTV,8714767632450,Boot mat,velour,,CK-SSZ15V,64.95,32.21
SUZ1SWTV,8714767632344,Boot mat,velour,,CK-SSZ03V,64.95,32.21
SUZ2SWTV,8714767632351,Boot mat,velour,,CK-SSZ04V,64.95,32.21
SUZ1SXTV,8714767632320,Boot mat,velour,,CK-SSZ01V,64.95,32.21
SUZ3SXTV,8714767632382,Boot mat,velour,High boot floor,CK-SSZ07V,64.95,32.21
SUZ1VITV,8714767632399,Boot mat,velour,Only for 5-seater,CK-SSZ08V,64.95,32.21
SUZ1WATV,8714767630753,Boot mat,velour,,CK-SOP01V,64.95,32.21
TESLA,,,,,,,
,,Boot mats velour,,,,,
TES1M3TV,8714767632689,Boot mat,velour,,CK-STS02V,64.95,32.21
TES2MSTV,8714767632672,Boot mat,velour,,CK-STS01V,64.95,32.21
TES1MXTV,8714767632719,Boot mat,velour,Only for 5/6/7-seater; High boot floor; behind second row (3rd row pulled down),CK-STS05V,64.95,32.21
TES2MXTV,8714767632726,Boot mat,velour,Only for 6/7-seater; High boot floor,CK-STS06V,64.95,32.21
TES1MYTV,8719457271339,Boot mat,velour,High boot floor,CK-STS08V,64.95,32.21
TES2MYTV,8719457271346,Boot mat,velour,Low boot floor,CK-STS10V,64.95,32.21
TES1MSTV,8714767632696,Front boot mat,velour,Only for rear wheel drive (RWD),CK-STS03V,64.95,32.21
TES2M3TV,8714767632702,Front boot mat,velour,Only for rear wheel drive (RWD),CK-STS04V,64.95,32.21
TES3M3TV,8714767632733,Front boot mat,velour,Only for Facelift,CK-STS07V,64.95,32.21
TES3MYTV,8719457449226,Front boot mat,velour,,CK-STS09V,64.95,32.21
TOYOTA,,,,,,,
,,Boot mats velour,,,,,
TOY1AUTV,8714767632610,Boot mat,velour,High boot floor,CK-STO17V,64.95,32.21
TOY2AUTV,8714767632658,Boot mat,velour,For models without storage compartment,CK-STO21V,64.95,32.21
TOY3AUTV,8714767632665,Boot mat,velour,For models with storage compartment,CK-STO22V,64.95,32.21
TOY1AVTV,8714767632467,Boot mat,velour,,CK-STO01V,64.95,32.21
TOY2AVTV,8714767632481,Boot mat,velour,,CK-STO03V,64.95,32.21
TOY3AVTV,8714767632535,Boot mat,velour,,CK-STO08V,64.95,32.21
TOY4AVTV,8714767632474,Boot mat,velour,,CK-STO02V,64.95,32.21
TOY5AVTV,8714767632528,Boot mat,velour,,CK-STO07V,64.95,32.21
TOY1AYTV,8714767628545,Boot mat,velour,,CK-SCI14V,64.95,32.21
TOY2AYTV,8714767641698,Boot mat,velour,,CK-STO27V,64.95,32.21
TOY1BZTV,8714767641513,Boot mat,velour,,CK-STO25V,64.95,32.21
TOY1CHTV,8714767632597,Boot mat,velour,,CK-STO15V,64.95,32.21
TOY1COTV,8714767632498,Boot mat,velour,,CK-STO04V,64.95,32.21
TOY2COTV,8714767632450,Boot mat,velour,High boot floor,CK-SSZ15V,64.95,32.21
TOY3COTV,8714767632511,Boot mat,velour,,CK-STO06V,64.95,32.21
TOY4COTV,8714767632542,Boot mat,velour,,CK-STO09V,64.95,32.21
TOY5COTV,8714767641575,Boot mat,velour,,CK-STO26V,64.95,32.21
TOY1HGTV,8714767632627,Boot mat,velour,Only for 5-seater,CK-STO18V,64.95,32.21
TOY2HGTV,8714767632634,Boot mat,velour,Only for 7-seater,CK-STO19V,64.95,32.21
TOY1LATV,8714767632573,Boot mat,velour,,CK-STO12V,64.95,32.21
TOY1RATV,8714767632641,Boot mat,velour,,CK-STO20V,64.95,32.21
TOY2RATV,8714767632603,Boot mat,velour,Not for Hybrid,CK-STO16V,64.95,32.21
TOY3RATV,8714767632566,Boot mat,velour,Only for Hybrid,CK-STO11V,64.95,32.21
TOY1VETV,8714767632580,Boot mat,velour,,CK-STO14V,64.95,32.21
TOY1YATV,8714767632504,Boot mat,velour,,CK-STO05V,64.95,32.21
TOY2YATV,8714767632559,Boot mat,velour,,CK-STO10V,64.95,32.21
TOY3YATV,8719457476291,Boot mat,velour,Low boot floor,CK-SMA19V,64.95,32.21
TOY4YATV,8714767639954,Boot mat,velour,High boot floor,CK-STO24V,64.95,32.21
VOLKSWAGEN,,,,,,,
,,Boot mats velour,,,,,
VW1CATV,8714767633075,Boot mat,velour,,CK-SVW27V,64.95,32.21
VW2CATV,8714767632986,Boot mat,velour,,CK-SVW17V,64.95,32.21
VW3CATV,8714767633181,Boot mat,velour,Only for 5-seater,CK-SVW38V,64.95,32.21
VW4CATV,8714767633198,Boot mat,velour,Only for 7-seater,CK-SVW39V,64.95,32.21
VW1GOTV,8714767632832,Boot mat,velour,,CK-SVW01V,64.95,32.21
VW2GOTV,8714767632887,Boot mat,velour,Not for models with full size spare tire,CK-SVW06V,64.95,32.21
VW3GOTV,8714767632887,Boot mat,velour,Not for models with full size spare tire,CK-SVW06V,64.95,32.21
VW4GOTV,8714767632948,Boot mat,velour,Only for models with spare tire,CK-SVW12V,64.95,32.21
VW5GOTV,8714767632948,Boot mat,velour,Only for models with spare tire,CK-SVW12V,64.95,32.21
VW6GOTV,8714767633013,Boot mat,velour,,CK-SVW20V,64.95,32.21
VW7GOTV,8714767633037,Boot mat,velour,,CK-SVW23V,64.95,32.21
VW8GOTV,8714767633020,Boot mat,velour,,CK-SVW22V,64.95,32.21
VW9GOTV,8714767633174,Boot mat,velour,High boot floor,CK-SVW37V,64.95,32.21
VW1IBTV,8719457546932,Boot mat,velour,,CK-SVW44V,64.95,32.21
VW1I3TV,8714767633228,Boot mat,velour,High boot floor,CK-SVW42V,64.95,32.21
VW2I3TV,8714767633167,Boot mat,velour,Low boot floor,CK-SVW36V,64.95,32.21
VW1I4TV,8714767633211,Boot mat,velour,High boot floor,CK-SVW41V,64.95,32.21
VW2I4TV,8714767633204,Boot mat,velour,Low boot floor,CK-SVW40V,64.95,32.21
VW1I7TV,8719457863510,Boot mat,velour,Not for ID.7 Tourer; High boot floor,CK-SVW46V,64.95,32.21
VW1JETV,8714767633006,Boot mat,velour,,CK-SVW19V,64.95,32.21
VW1PATV,8714767632849,Boot mat,velour,,CK-SVW02V,64.95,32.21
VW2PATV,8714767632856,Boot mat,velour,Not for facelift,CK-SVW03V,64.95,32.21
VW3PATV,8714767632863,Boot mat,velour,Only for facelift,CK-SVW04V,64.95,32.21
VW4PATV,8714767632917,Boot mat,velour,,CK-SVW09V,64.95,32.21
VW5PATV,8714767632917,Boot mat,velour,,CK-SVW09V,64.95,32.21
VW6PATV,8714767632931,Boot mat,velour,,CK-SVW11V,64.95,32.21
VW7PATV,8714767632931,Boot mat,velour,,CK-SVW11V,64.95,32.21
VW8PATV,8714767633044,Boot mat,velour,,CK-SVW24V,64.95,32.21
VW9PATV,8714767633051,Boot mat,velour,Incl.GTE,CK-SVW25V,64.95,32.21
VW10PATV,8714767632924,Boot mat,velour,,CK-SVW10V,64.95,32.21
VW1POTV,8714767632955,Boot mat,velour,,CK-SVW14V,64.95,32.21
VW2POTV,8714767632894,Boot mat,velour,,CK-SVW07V,64.95,32.21
VW3POTV,8714767633112,Boot mat,velour,High boot floor,CK-SVW31V,64.95,32.21
VW1SHTV,8714767632979,Boot mat,velour,,CK-SVW16V,64.95,32.21
VW1TGTV,8719457863503,Boot mat,velour,High boot floor,CK-SVW45V,64.95,32.21
VW1TYTV,8721464013376,Boot mat,velour,Only for 5-seater,CK-SVW47V,64.95,32.21
VW2TYTV,8721464013383,Boot mat,velour,Only for 7-seater with 3rd row pulled down,CK-SVW48V,64.95,32.21
VW1TCTV,8714767633150,Boot mat,velour,,CK-SVW35V,64.95,32.21
VW1TITV,8714767632900,Boot mat,velour,,CK-SVW08V,64.95,32.21
VW2TITV,8714767633082,Boot mat,velour,High boot floor,CK-SVW28V,64.95,32.21
VW3TITV,8714767631941,Boot mat,velour,Only for 7-seater,CK-SSE20V,64.95,32.21
VW1TATV,8714767633143,Boot mat,velour,,CK-SVW34V,64.95,32.21
VW2TATV,8714767632962,Boot mat,velour,,CK-SVW15V,64.95,32.21
VW1TOTV,8714767633068,Boot mat,velour,Only for 5-seater,CK-SVW26V,64.95,32.21
VW2TOTV,8714767632870,Boot mat,velour,,CK-SVW05V,64.95,32.21
VW3TOTV,8714767632870,Boot mat,velour,,CK-SVW05V,64.95,32.21
VW1T6TV,8714767633105,Boot mat,velour,,CK-SVW30V,64.95,32.21
VW2T6TV,8714767633099,Boot mat,velour,Only for 9-seater,CK-SVW29V,64.95,32.21
VW1TRTV,8714767633129,Boot mat,velour,High boot floor,CK-SVW32V,64.95,32.21
VW1UPTV,8714767632993,Boot mat,velour,High boot floor; Incl. Up! electric,CK-SVW18V,64.95,32.21
VW2UPTV,8714767633136,Boot mat,velour,Low boot floor,CK-SVW33V,64.95,32.21
VOLVO,,,,,,,
,,Boot mats velour,,,,,
VOL1C4TV,8719457271353,Boot mat,velour,,CK-SVO10V,64.95,32.21
VOL1V4TV,8714767632795,Boot mat,velour,Incl. Cross Country,CK-SVO06V,64.95,32.21
VOL1V5TV,8714767632740,Boot mat,velour,,CK-SVO01V,64.95,32.21
VOL1V6TV,8714767632757,Boot mat,velour,Excl. Hybrid,CK-SVO02V,64.95,32.21
VOL1V7TV,8714767632788,Boot mat,velour,,CK-SVO05V,64.95,32.21
VOL1X4TV,8714767632818,Boot mat,velour,,CK-SVO08V,64.95,32.21
VOL2V6TV,8714767632825,Boot mat,velour,,CK-SVO09V,64.95,32.21
VOL1X6TV,8714767632764,Boot mat,velour,,CK-SVO03V,64.95,32.21
VOL2X6TV,8714767632801,Boot mat,velour,,CK-SVO07V,64.95,32.21
VOL1X9TV,8714767632771,Boot mat,velour,,CK-SVO04V,64.95,32.21
VOL2X6TV,8.71477E+12,Boot mat,velour,,CK-SVO07V,64.95,3.22066E+14
VOL1X9TV,8.71477E+12,Boot mat,velour,,CK-SVO04V,64.95,3.22066E+14
